FILE_TYPE = CONNECTIVITY;
{Allegro Design Entry HDL 17.4-2019 S012 (3898062) 10/18/2020}
"PAGE_NUMBER" = 5;
0"NC";
1"UN$5$EKMAX20360$I342$A1";
2"UN$5$EKMAX20360$I342$D1";
3"UN$5$EKMAX20360$I342$D2";
4"UN$5$EKMAX20360$I342$D8";
5"UN$5$EKMAX20360$I342$H1";
6"UN$5$EKMAX20360$I342$H9";
7"1V8_S\g";
8"1V8_S\g";
9"GND_POWER\g";
10"GND_POWER\g";
11"GND_POWER\g";
12"GND_POWER\g";
13"GND_POWER\g";
14"GND_POWER\g";
15"GND_POWER\g";
16"GND_POWER\g";
17"GND_POWER\g";
18"GND_POWER\g";
19"GND_POWER\g";
20"GND_POWER\g";
21"GND_POWER\g";
22"GND_POWER\g";
23"GND_POWER\g";
24"GND_POWER\g";
25"GND_POWER\g";
26"3V3_SFO\g";
27"USB_VBUS\g";
28"5V0_B\g";
29"VREGO_A\g";
30"VREGO_A\g";
31"VREGO_A\g";
32"1V8_D\g";
33"3V3\g";
34"3V3\g";
35"3V3\g";
36"VSYS\g";
37"PMIC_CAP";
38"PMIC_CSN";
39"PMIC_CSN";
40"PMIC_CSN";
41"PMIC_CSP";
42"PMIC_CSP";
43"PMIC_LED0";
44"PMIC_LED1";
45"PMIC_LED2";
46"PMIC_PFN1";
47"PMIC_PFN1";
48"PMIC_THM";
49"PMIC_TPU";
50"PMIC_VDIG";
51"1V8_SB\g";
52"1V8_SB\g";
53"1V8_SLDO\g";
54"1V8_SLDO\g";
55"PMIC_RSTB";
56"I2C1_SCL";
57"PMIC_MPC2";
58"PMIC_PFN2";
59"PMIC_INTB";
60"PMIC_MPC0";
61"PMIC_MPC1";
62"I2C1_SDA";
63"PMIC_ALRTB";
64"GND_POWER\g";
%"CAP_NP"
"1","(3200,1850)","3","mml","I106";
;
$LOCATION"C3"
CDS_LOCATION"C3"
$SEC"1"
CDS_SEC"1"
JEDEC_TYPE"0402"
VOLTAGE_RATING"6.3V"
VALUE"4.7UF"
MAXINV"20-004U7-19"
PACK_TYPE"0402CAP"
CDS_LMAN_SYM_OUTLINE"-50,50,50,-50"
CDS_LIB"mml"
MFG_PART_NUMBER"C1005X5R0J475K050BC"
TOLERANCE"10%"
MATERIAL_TYPE"CERAMIC CHIP"
CASE"SMT (0402)"
CAP"4.70E-06"
REFLOW"-"
VLOG_PARAM01"CAP:INTEGER";
"2"
$PN"2"25;
"1"
$PN"1"26;
%"CAP_NP"
"2","(2725,2350)","0","mml","I111";
;
$LOCATION"C2"
CDS_LOCATION"C2"
$SEC"1"
CDS_SEC"1"
JEDEC_TYPE"0402"
VOLTAGE_RATING"35V"
VALUE"2.2UF"
MAXINV"EC111000002275"
PACK_TYPE"0402CAP"
VLOG_PARAM01"CAP:INTEGER"
CDS_LIB"mml"
MFG_PART_NUMBER"C1005X5R1V225K050BC"
TOLERANCE"10%"
MATERIAL_TYPE"CERAMIC CHIP"
CASE"SMT (0402)"
CAP"2.20E-06"
REFLOW"-"
CDS_LMAN_SYM_OUTLINE"-50,50,50,-50";
"2"
$PN"2"27;
"1"
$PN"1"24;
%"PGROUND"
"1","(3150,1725)","0","standard","I112";
;
HDL_POWER"GND_POWER"
BODY_TYPE"PLUMBING"
NAME"GND_POWER"
CDS_LIB"standard";
"G"25;
%"PGROUND"
"1","(2675,2225)","0","standard","I113";
;
HDL_POWER"GND_POWER"
BODY_TYPE"PLUMBING"
NAME"GND_POWER"
CDS_LIB"standard";
"G"24;
%"CAP_NP"
"2","(3175,2750)","0","mml","I114";
;
$LOCATION"C1"
CDS_LOCATION"C1"
$SEC"1"
CDS_SEC"1"
JEDEC_TYPE"0402"
VOLTAGE_RATING"50V"
VALUE"0.1UF"
MAXINV"20-000U1-04A"
PACK_TYPE"0402CAP"
VLOG_PARAM01"CAP:INTEGER"
CDS_LMAN_SYM_OUTLINE"-50,50,50,-50"
REFLOW"-"
CAP"1.00E-07"
CASE"SMT (0402)"
MATERIAL_TYPE"CERAMIC CHIP"
TOLERANCE"10%"
MFG_PART_NUMBER"CGA2B3X7R1H104K050BB;C1005X7R1H104K050BB;GRM155R71H104KE14;GCM155R71H104KE02;C1005X7R1H104K050BE;UMK105B7104KV-FR;CGA2B3X7R1H104K050BE"
CDS_LIB"mml";
"2"
$PN"2"40;
"1"
$PN"1"23;
%"PGROUND"
"1","(3125,2575)","0","standard","I115";
;
HDL_POWER"GND_POWER"
BODY_TYPE"PLUMBING"
NAME"GND_POWER"
CDS_LIB"standard";
"G"23;
%"CAP_NP"
"2","(5250,3000)","0","mml","I118";
;
$LOCATION"C4"
CDS_LOCATION"C4"
$SEC"1"
CDS_SEC"1"
JEDEC_TYPE"0402"
VOLTAGE_RATING"6.3V"
VALUE"2.2UF"
MAXINV"20-002U2-19"
PACK_TYPE"0402CAP"
CDS_LMAN_SYM_OUTLINE"-50,50,50,-50"
CDS_LIB"mml"
MFG_PART_NUMBER"C1005X5R0J225K050BC;CL05A225KQ5NSN"
TOLERANCE"10%"
MATERIAL_TYPE"CERAMIC CHIP"
CASE"SMT (0402)"
CAP"2.20E-06"
REFLOW"-"
VLOG_PARAM01"CAP:INTEGER";
"2"
$PN"2"50;
"1"
$PN"1"18;
%"CAP_NP"
"2","(5650,2800)","2","mml","I120";
;
$LOCATION"C10"
CDS_LOCATION"C10"
$SEC"1"
CDS_SEC"1"
JEDEC_TYPE"0402"
VOLTAGE_RATING"6.3V"
VALUE"4.7UF"
MAXINV"20-004U7-19"
PACK_TYPE"0402CAP"
VLOG_PARAM01"CAP:INTEGER"
MFG_PART_NUMBER"C1005X5R0J475K050BC"
TOLERANCE"10%"
MATERIAL_TYPE"CERAMIC CHIP"
CASE"SMT (0402)"
CAP"4.70E-06"
REFLOW"-"
CDS_LIB"mml"
CDS_LMAN_SYM_OUTLINE"-50,50,50,-50";
"2"
$PN"2"37;
"1"
$PN"1"64;
%"RES_SMD"
"4","(4950,2600)","1","mml","I121";
;
$LOCATION"R14"
CDS_LOCATION"R14"
$SEC"1"
CDS_SEC"1"
VALUE"10K"
MAXINV"80-0010K-Q6"
JEDEC_TYPE"0402"
PACK_TYPE"0402RES"
VLOG_PARAM01"RES:INTEGER"
CDS_LIB"mml"
REFLOW"-"
CASE"SMT (0402)"
MATERIAL_TYPE"THICK FILM"
POWER_RATING"0.10W"
RES"1.00E04"
TOLERANCE"5%"
MFG_PART_NUMBER"ERJ-2GEJ103"
CDS_LMAN_SYM_OUTLINE"-25,75,25,-75";
"1"
$PN"1"49;
"2"
$PN"2"48;
%"RES_SMD"
"4","(5200,2450)","1","mml","I122";
;
$LOCATION"R15"
CDS_LOCATION"R15"
$SEC"1"
CDS_SEC"1"
VALUE"0.01"
POWER_RATING"0.2W"
MAXINV"ER111000002587"
JEDEC_TYPE"0402"
PACK_TYPE"0402RES"
CDS_LMAN_SYM_OUTLINE"-25,75,25,-75"
REFLOW"-"
CASE"SMT (0402)"
MATERIAL_TYPE"THICK FILM"
RES"1.00E-02"
TOLERANCE"1%"
MFG_PART_NUMBER"ERJ-2LWFR010"
CDS_LIB"mml"
VLOG_PARAM01"RES:INTEGER";
"1"
$PN"1"41;
"2"
$PN"2"39;
%"CAP_NP"
"2","(4600,2375)","2","mml","I123";
;
$LOCATION"C5"
CDS_LOCATION"C5"
$SEC"1"
CDS_SEC"1"
JEDEC_TYPE"0402"
VOLTAGE_RATING"6.3V"
VALUE"4.7UF"
MAXINV"20-004U7-19"
PACK_TYPE"0402CAP"
VLOG_PARAM01"CAP:INTEGER"
MFG_PART_NUMBER"C1005X5R0J475K050BC"
TOLERANCE"10%"
MATERIAL_TYPE"CERAMIC CHIP"
CASE"SMT (0402)"
CAP"4.70E-06"
REFLOW"-"
CDS_LIB"mml"
CDS_LMAN_SYM_OUTLINE"-50,50,50,-50";
"2"
$PN"2"41;
"1"
$PN"1"22;
%"PGROUND"
"1","(4550,2250)","0","standard","I124";
;
HDL_POWER"GND_POWER"
BODY_TYPE"PLUMBING"
NAME"GND_POWER"
CDS_LIB"standard";
"G"22;
%"CAP_NP"
"2","(5275,1550)","2","mml","I130";
;
$LOCATION"C9"
CDS_LOCATION"C9"
$SEC"1"
CDS_SEC"1"
JEDEC_TYPE"0603"
VOLTAGE_RATING"25V"
VALUE"10UF"
MAXINV"20-0010U-P7"
PACK_TYPE"0603CAP"
COMMENTS"USE ONLY GRM188R61E106MA73"
MFG_PART_NUMBER"C1608X5R1E106M080AC;CL10A106MA8NRNC;GRM188R61E106MA73;ZRB18AR61E106ME01;GRT188R61E106ME13"
TOLERANCE"20%"
MATERIAL_TYPE"CERAMIC CHIP"
CASE"SMT (0603)"
CAP"1.00E-05"
REFLOW"-"
VLOG_PARAM01"CAP:INTEGER"
CDS_LMAN_SYM_OUTLINE"-50,50,50,-50"
CDS_LIB"mml";
"2"
$PN"2"54;
"1"
$PN"1"21;
%"PGROUND"
"1","(5225,1400)","0","standard","I131";
;
HDL_POWER"GND_POWER"
BODY_TYPE"PLUMBING"
NAME"GND_POWER"
CDS_LIB"standard";
"G"21;
%"PGROUND"
"1","(4975,1000)","0","standard","I144";
;
HDL_POWER"GND_POWER"
BODY_TYPE"PLUMBING"
NAME"GND_POWER"
CDS_LIB"standard";
"G"20;
%"CAP_NP"
"2","(5375,2025)","0","mml","I154";
;
$LOCATION"C8"
CDS_LOCATION"C8"
$SEC"1"
CDS_SEC"1"
JEDEC_TYPE"0402"
VOLTAGE_RATING"6.3V"
VALUE"4.7UF"
MAXINV"20-004U7-19"
PACK_TYPE"0402CAP"
CDS_LMAN_SYM_OUTLINE"-50,50,50,-50"
CDS_LIB"mml"
MFG_PART_NUMBER"C1005X5R0J475K050BC"
TOLERANCE"10%"
MATERIAL_TYPE"CERAMIC CHIP"
CASE"SMT (0402)"
CAP"4.70E-06"
REFLOW"-"
VLOG_PARAM01"CAP:INTEGER";
"2"
$PN"2"35;
"1"
$PN"1"19;
%"PGROUND"
"1","(5325,1900)","0","standard","I155";
;
HDL_POWER"GND_POWER"
BODY_TYPE"PLUMBING"
NAME"GND_POWER"
CDS_LIB"standard";
"G"19;
%"PGROUND"
"1","(5200,2875)","0","standard","I157";
;
HDL_POWER"GND_POWER"
BODY_TYPE"PLUMBING"
NAME"GND_POWER"
CDS_LIB"standard";
"G"18;
%"PGROUND"
"1","(6250,2475)","2","standard","I166";
;
HDL_POWER"GND_POWER"
BODY_TYPE"PLUMBING"
NAME"GND_POWER"
CDS_LIB"standard";
"G"17;
%"PGROUND"
"1","(2825,2250)","0","standard","I168";
;
HDL_POWER"GND_POWER"
BODY_TYPE"PLUMBING"
NAME"GND_POWER"
CDS_LIB"standard";
"G"16;
%"PGROUND"
"1","(3500,-800)","0","standard","I18";
;
HDL_POWER"GND_POWER"
BODY_TYPE"PLUMBING"
NAME"GND_POWER"
CDS_LIB"standard";
"G"15;
%"RES_SMD"
"2","(3100,3200)","1","mml","I203";
;
$LOCATION"R43"
CDS_LOCATION"R43"
$SEC"1"
CDS_SEC"1"
VALUE"4.7K"
MAXINV"80-004K7-23"
JEDEC_TYPE"0402"
PACK_TYPE"0402RES"
VLOG_PARAM01"RES:INTEGER"
MFG_PART_NUMBER"CRCW04024K70FK;MCR01MZPF4701"
TOLERANCE"1%"
RES"4.70E03"
POWER_RATING"N/A"
MATERIAL_TYPE"THICK FILM"
CASE"SMT (0402)"
REFLOW"-"
CDS_LMAN_SYM_OUTLINE"-75,25,75,-25"
CDS_LIB"mml";
"1"
$PN"1"63;
"2"
$PN"2"31;
%"INDUCT"
"1","(4650,1200)","0","mml","I24";
;
$LOCATION"L2"
CDS_LOCATION"L2"
$SEC"1"
CDS_SEC"1"
VALUE"2.2UH"
MAXINV"50-002U2-0PD"
JEDEC_TYPE"IND_2016"
PACK_TYPE"0806"
CDS_LIB"mml"
CDS_LMAN_SYM_OUTLINE"-100,25,100,0"
MFG_PART_NUMBER"DFE201612E-2R2M"
MATERIAL_TYPE"WIREWOUND"
TOLERANCE"20%"
CASE"SMT (0806)";
"2"
$PN"2"
Clock"FALSE"
FLOAT"ERROR"32;
"1"
$PN"1"
Clock"FALSE"
FLOAT"ERROR"6;
%"INDUCT"
"1","(4650,975)","0","mml","I272";
;
$LOCATION"L3"
CDS_LOCATION"L3"
$SEC"1"
CDS_SEC"1"
VALUE"2.2UH"
MAXINV"50-002U2-0PD"
JEDEC_TYPE"IND_2016"
PACK_TYPE"0806"
MFG_PART_NUMBER"DFE201612E-2R2M"
MATERIAL_TYPE"WIREWOUND"
TOLERANCE"20%"
CASE"SMT (0806)"
CDS_LMAN_SYM_OUTLINE"-100,25,100,0"
CDS_LIB"mml";
"2"
$PN"2"
Clock"FALSE"
FLOAT"ERROR"34;
"1"
$PN"1"
Clock"FALSE"
FLOAT"ERROR"5;
%"MML_VCC_BAR"
"1","(5000,150)","0","mml","I282";
;
HDL_POWER"5V0_B"
BODY_TYPE"PLUMBING"
CDS_LMAN_SYM_OUTLINE"-125,125,125,-125"
CDS_LIB"mml";
"VCC_BAR"28;
%"MML_VCC_BAR"
"1","(4925,2250)","0","mml","I287";
;
HDL_POWER"VSYS"
BODY_TYPE"PLUMBING"
CDS_LIB"mml"
CDS_LMAN_SYM_OUTLINE"-125,125,125,-125";
"VCC_BAR"36;
%"THERMISTOR_SMD"
"1","(5900,2600)","0","mml","I292";
;
LOCATION"RT1"
$SEC"1"
CDS_SEC"1"
VALUE"10K"
MAXINV"83-0010K-0AN"
JEDEC_TYPE"THRMC0603X33M"
PACK_TYPE"0201M"
MFG_PART_NUMBER"NCP03XH103J05"
TOLERANCE"5%"
CDS_LMAN_SYM_OUTLINE"-100,25,100,-25"
CDS_LIB"mml";
"2"
$PN"2"17;
"1"
$PN"1"48;
%"PGROUND"
"1","(2425,2775)","0","standard","I293";
;
HDL_POWER"GND_POWER"
BODY_TYPE"PLUMBING"
NAME"GND_POWER"
CDS_LIB"standard";
"G"14;
%"PGROUND"
"1","(5825,3125)","0","standard","I296";
;
HDL_POWER"GND_POWER"
BODY_TYPE"PLUMBING"
NAME"GND_POWER"
CDS_LIB"standard";
"G"13;
%"RES_SMD"
"2","(2625,1625)","1","mml","I297";
;
$LOCATION"R68"
CDS_LOCATION"R68"
$SEC"1"
CDS_SEC"1"
VALUE"10K"
MAXINV"80-0010K-23"
JEDEC_TYPE"0402"
PACK_TYPE"0402RES"
CDS_LIB"mml"
CDS_LMAN_SYM_OUTLINE"-75,25,75,-25"
MFG_PART_NUMBER"CRCW040210K0FK;RC0402FR-0710KL"
MATERIAL_TYPE"THICK FILM"
POWER_RATING"0.0625W"
RES"1.00E04"
TOLERANCE"1%"
VLOG_PARAM01"RES:INTEGER"
CASE"SMT (0402)";
"1"
$PN"1"59;
"2"
$PN"2"30;
%"RES_SMD"
"2","(4875,3200)","1","mml","I298";
;
$LOCATION"R70"
CDS_LOCATION"R70"
$SEC"1"
CDS_SEC"1"
VALUE"10K"
MAXINV"80-0010K-23"
JEDEC_TYPE"0402"
PACK_TYPE"0402RES"
MFG_PART_NUMBER"CRCW040210K0FK;RC0402FR-0710KL"
POWER_RATING"0.0625W"
RES"1.00E04"
TOLERANCE"1%"
VLOG_PARAM01"RES:INTEGER"
CASE"SMT (0402)"
CDS_LMAN_SYM_OUTLINE"-75,25,75,-25"
CDS_LIB"mml";
"1"
$PN"1"55;
"2"
$PN"2"29;
%"EVP-AAXXXX"
"3","(5575,3400)","0","mml","I300";
;
$LOCATION"SW2"
CDS_LOCATION"SW2"
$SEC"1"
CDS_SEC"1"
VALUE"EVP-AA102K"
MAXINV"EH111000005105"
JEDEC_TYPE"SW_EVP-AAX02X_GND"
PACK_TYPE"SMT_GND"
VOLTAGE_RATING"+2V TO +15V"
MFG_PART_NUMBER"EVP-AA102K"
TOLERANCE"N/A"
CDS_LIB"mml"
CDS_LMAN_SYM_OUTLINE"-125,100,125,-100";
"5"
$PN"5"13;
"4"
$PN"4"46;
"2"
$PN"2"13;
"3"
$PN"3"46;
"1"
$PN"1"13;
%"LED_4P"
"6","(2425,25)","0","mml","I301";
;
$LOCATION"D1"
CDS_LOCATION"D1"
$SEC"1"
CDS_SEC"1"
VALUE"APFA2507QBDSEEZGKC"
MAXINV"ED1230"
JEDEC_TYPE"LED_APFA2507"
PACK_TYPE"SMT250X100X70_4P"
VOLTAGE_RATING"BLUE:+3.3V;RED:+2V;GRN:+3.3V"
MFG_PART_NUMBER"APFA2507QBDSEEZGKC"
TOLERANCE"N/A"
CDS_LIB"mml"
CDS_LMAN_SYM_OUTLINE"-150,275,150,-275";
"K3"
$PN"4"45;
"K2"
$PN"3"44;
"K1"
$PN"1"43;
"A"
$PN"2"33;
%"MML_VCC_BAR"
"1","(3025,2000)","0","mml","I302";
;
HDL_POWER"3V3_SFO"
BODY_TYPE"PLUMBING"
CDS_LIB"mml"
CDS_LMAN_SYM_OUTLINE"-125,125,125,-125";
"VCC_BAR"26;
%"MML_VCC_BAR"
"1","(5325,2225)","0","mml","I303";
;
HDL_POWER"3V3"
BODY_TYPE"PLUMBING"
CDS_LIB"mml"
CDS_LMAN_SYM_OUTLINE"-125,125,125,-125";
"VCC_BAR"35;
%"MML_VCC_BAR"
"1","(5250,1000)","0","mml","I304";
;
HDL_POWER"3V3"
BODY_TYPE"PLUMBING"
CDS_LMAN_SYM_OUTLINE"-125,125,125,-125"
CDS_LIB"mml";
"VCC_BAR"34;
%"MML_VCC_ARROW"
"1","(4975,1300)","0","mml","I305";
;
HDL_POWER"1V8_D"
BODY_TYPE"PLUMBING"
CDS_LMAN_SYM_OUTLINE"25,0,75,-50"
CDS_LIB"mml";
"VCC_ARROW"32;
%"MML_VCC_ARROW"
"1","(5225,1750)","0","mml","I306";
;
HDL_POWER"1V8_SLDO"
BODY_TYPE"PLUMBING"
CDS_LIB"mml"
CDS_LMAN_SYM_OUTLINE"25,0,75,-50";
"VCC_ARROW"54;
%"MML_VCC_BAR"
"1","(2500,2525)","0","mml","I307";
;
HDL_POWER"USB_VBUS"
BODY_TYPE"PLUMBING"
CDS_LMAN_SYM_OUTLINE"-125,125,125,-125"
CDS_LIB"mml";
"VCC_BAR"27;
%"PGROUND"
"1","(4925,1950)","0","standard","I311";
;
HDL_POWER"GND_POWER"
BODY_TYPE"PLUMBING"
NAME"GND_POWER"
CDS_LIB"standard";
"G"12;
%"PGROUND"
"1","(5250,675)","0","standard","I313";
;
HDL_POWER"GND_POWER"
BODY_TYPE"PLUMBING"
NAME"GND_POWER"
CDS_LIB"standard";
"G"11;
%"PGROUND"
"1","(5000,-250)","0","standard","I316";
;
HDL_POWER"GND_POWER"
BODY_TYPE"PLUMBING"
NAME"GND_POWER"
CDS_LIB"standard";
"G"10;
%"RES_SMD"
"2","(3025,2375)","0","mml","I317";
;
$LOCATION"R69"
CDS_LOCATION"R69"
$SEC"1"
CDS_SEC"1"
VALUE"25K"
MAXINV"80-0025K-BA64"
JEDEC_TYPE"0402"
PACK_TYPE"0402RES"
CDS_LMAN_SYM_OUTLINE"-75,25,75,-25"
CDS_LIB"mml"
CASE"SMT (0402)"
VLOG_PARAM01"RES:INTEGER"
TOLERANCE"0.1%"
RES"2.50E04"
POWER_RATING"0.05W"
MATERIAL_TYPE"THIN FILM"
MFG_PART_NUMBER"PNM0402E2502BS";
"1"
$PN"1"16;
"2"
$PN"2"4;
%"RES_SMD"
"2","(2125,1600)","1","mml","I318";
;
$LOCATION"R65"
CDS_LOCATION"R65"
$SEC"1"
CDS_SEC"1"
VALUE"10K"
MAXINV"80-0010K-23"
JEDEC_TYPE"0402"
PACK_TYPE"0402RES"
CDS_LIB"mml"
CDS_LMAN_SYM_OUTLINE"-75,25,75,-25"
CASE"SMT (0402)"
VLOG_PARAM01"RES:INTEGER"
TOLERANCE"1%"
RES"1.00E04"
POWER_RATING"0.0625W"
MATERIAL_TYPE"THICK FILM"
MFG_PART_NUMBER"CRCW040210K0FK;RC0402FR-0710KL";
"1"
$PN"1"57;
"2"
$PN"2"30;
%"RES_SMD"
"2","(2275,1600)","1","mml","I319";
;
$LOCATION"R66"
CDS_LOCATION"R66"
$SEC"1"
CDS_SEC"1"
VALUE"10K"
MAXINV"80-0010K-23"
JEDEC_TYPE"0402"
PACK_TYPE"0402RES"
MFG_PART_NUMBER"CRCW040210K0FK;RC0402FR-0710KL"
MATERIAL_TYPE"THICK FILM"
POWER_RATING"0.0625W"
RES"1.00E04"
TOLERANCE"1%"
VLOG_PARAM01"RES:INTEGER"
CASE"SMT (0402)"
CDS_LMAN_SYM_OUTLINE"-75,25,75,-25"
CDS_LIB"mml";
"1"
$PN"1"61;
"2"
$PN"2"30;
%"RES_SMD"
"2","(2450,1600)","1","mml","I320";
;
$LOCATION"R67"
CDS_LOCATION"R67"
$SEC"1"
CDS_SEC"1"
VALUE"10K"
MAXINV"80-0010K-23"
JEDEC_TYPE"0402"
PACK_TYPE"0402RES"
CDS_LIB"mml"
CDS_LMAN_SYM_OUTLINE"-75,25,75,-25"
CASE"SMT (0402)"
VLOG_PARAM01"RES:INTEGER"
TOLERANCE"1%"
RES"1.00E04"
POWER_RATING"0.0625W"
MATERIAL_TYPE"THICK FILM"
MFG_PART_NUMBER"CRCW040210K0FK;RC0402FR-0710KL";
"1"
$PN"1"60;
"2"
$PN"2"30;
%"RES_SMD"
"2","(5000,3200)","1","mml","I321";
;
$LOCATION"R71"
CDS_LOCATION"R71"
$SEC"1"
CDS_SEC"1"
VALUE"10K"
MAXINV"80-0010K-23"
JEDEC_TYPE"0402"
PACK_TYPE"0402RES"
CDS_LIB"mml"
CDS_LMAN_SYM_OUTLINE"-75,25,75,-25"
CASE"SMT (0402)"
VLOG_PARAM01"RES:INTEGER"
TOLERANCE"1%"
RES"1.00E04"
POWER_RATING"0.0625W"
MFG_PART_NUMBER"CRCW040210K0FK;RC0402FR-0710KL";
"1"
$PN"1"58;
"2"
$PN"2"29;
%"MML_VCC_BAR"
"1","(1925,325)","0","mml","I322";
;
HDL_POWER"3V3"
BODY_TYPE"PLUMBING"
CDS_LIB"mml"
CDS_LMAN_SYM_OUTLINE"-125,125,125,-125";
"VCC_BAR"33;
%"CAP_NP"
"2","(5300,800)","0","mml","I325";
;
$LOCATION"C50"
CDS_LOCATION"C50"
$SEC"1"
CDS_SEC"1"
JEDEC_TYPE"0603"
VOLTAGE_RATING"25V"
VALUE"10UF"
MAXINV"20-0010U-P7"
PACK_TYPE"0603CAP"
COMMENTS"USE ONLY GRM188R61E106MA73"
VLOG_PARAM01"CAP:INTEGER"
REFLOW"-"
CAP"1.00E-05"
CASE"SMT (0603)"
MATERIAL_TYPE"CERAMIC CHIP"
TOLERANCE"20%"
MFG_PART_NUMBER"C1608X5R1E106M080AC;CL10A106MA8NRNC;GRM188R61E106MA73;ZRB18AR61E106ME01;GRT188R61E106ME13"
CDS_LIB"mml"
CDS_LMAN_SYM_OUTLINE"-50,50,50,-50";
"2"
$PN"2"34;
"1"
$PN"1"11;
%"CAP_NP"
"2","(5025,1125)","0","mml","I326";
;
$LOCATION"C44"
CDS_LOCATION"C44"
$SEC"1"
CDS_SEC"1"
JEDEC_TYPE"0603"
VOLTAGE_RATING"25V"
VALUE"10UF"
MAXINV"20-0010U-P7"
PACK_TYPE"0603CAP"
COMMENTS"USE ONLY GRM188R61E106MA73"
VLOG_PARAM01"CAP:INTEGER"
REFLOW"-"
CAP"1.00E-05"
CASE"SMT (0603)"
MATERIAL_TYPE"CERAMIC CHIP"
TOLERANCE"20%"
MFG_PART_NUMBER"C1608X5R1E106M080AC;CL10A106MA8NRNC;GRM188R61E106MA73;ZRB18AR61E106ME01;GRT188R61E106ME13"
CDS_LIB"mml"
CDS_LMAN_SYM_OUTLINE"-50,50,50,-50";
"2"
$PN"2"32;
"1"
$PN"1"20;
%"CAP_NP"
"2","(4550,2100)","0","mml","I327";
;
$LOCATION"C39"
CDS_LOCATION"C39"
$SEC"1"
CDS_SEC"1"
JEDEC_TYPE"0603"
VOLTAGE_RATING"16V"
VALUE"22UF"
MAXINV"20-0022U-A29"
PACK_TYPE"0603CAP"
CAP"2.20E-05"
CASE"SMT (0603)"
VLOG_PARAM01"CAP:INTEGER"
TOLERANCE"20%"
MFG_PART_NUMBER"CL10A226MO7JZNC"
CDS_LMAN_SYM_OUTLINE"-50,50,50,-50"
CDS_LIB"mml";
"2"
$PN"2"36;
"1"
$PN"1"12;
%"CAP_NP"
"2","(4725,2100)","0","mml","I328";
;
$LOCATION"C41"
CDS_LOCATION"C41"
$SEC"1"
CDS_SEC"1"
JEDEC_TYPE"0603"
VOLTAGE_RATING"16V"
VALUE"22UF"
MAXINV"20-0022U-A29"
PACK_TYPE"0603CAP"
CDS_LIB"mml"
CDS_LMAN_SYM_OUTLINE"-50,50,50,-50"
MFG_PART_NUMBER"CL10A226MO7JZNC"
TOLERANCE"20%"
VLOG_PARAM01"CAP:INTEGER"
CASE"SMT (0603)"
CAP"2.20E-05";
"2"
$PN"2"36;
"1"
$PN"1"12;
%"CAP_NP"
"2","(4975,2100)","0","mml","I329";
;
$LOCATION"C43"
CDS_LOCATION"C43"
$SEC"1"
CDS_SEC"1"
JEDEC_TYPE"0603"
VOLTAGE_RATING"16V"
VALUE"22UF"
MAXINV"20-0022U-A29"
PACK_TYPE"0603CAP"
CDS_LIB"mml"
CDS_LMAN_SYM_OUTLINE"-50,50,50,-50"
MFG_PART_NUMBER"CL10A226MO7JZNC"
TOLERANCE"20%"
VLOG_PARAM01"CAP:INTEGER"
CASE"SMT (0603)"
CAP"2.20E-05";
"2"
$PN"2"36;
"1"
$PN"1"12;
%"INDUCT"
"1","(4625,1650)","0","mml","I330";
;
$LOCATION"L1"
CDS_LOCATION"L1"
$SEC"1"
CDS_SEC"1"
VALUE"2.2UH"
MAXINV"50-002U2-0PD"
JEDEC_TYPE"IND_2016"
PACK_TYPE"0806"
CDS_LIB"mml"
CDS_LMAN_SYM_OUTLINE"-100,25,100,0"
MFG_PART_NUMBER"DFE201612E-2R2M"
MATERIAL_TYPE"WIREWOUND"
TOLERANCE"20%"
CASE"SMT (0806)";
"2"
$PN"2"
FLOAT"ERROR"
Clock"FALSE"52;
"1"
$PN"1"
FLOAT"ERROR"
Clock"FALSE"1;
%"CAP_NP"
"2","(4875,1550)","0","mml","I331";
;
$LOCATION"C51"
CDS_LOCATION"C51"
$SEC"1"
CDS_SEC"1"
JEDEC_TYPE"0603"
VOLTAGE_RATING"25V"
VALUE"10UF"
MAXINV"20-0010U-P7"
PACK_TYPE"0603CAP"
COMMENTS"USE ONLY GRM188R61E106MA73"
CDS_LMAN_SYM_OUTLINE"-50,50,50,-50"
CDS_LIB"mml"
MFG_PART_NUMBER"C1608X5R1E106M080AC;CL10A106MA8NRNC;GRM188R61E106MA73;ZRB18AR61E106ME01;GRT188R61E106ME13"
TOLERANCE"20%"
MATERIAL_TYPE"CERAMIC CHIP"
CASE"SMT (0603)"
CAP"1.00E-05"
REFLOW"-"
VLOG_PARAM01"CAP:INTEGER";
"2"
$PN"2"52;
"1"
$PN"1"9;
%"PGROUND"
"1","(4825,1425)","0","standard","I332";
;
HDL_POWER"GND_POWER"
BODY_TYPE"PLUMBING"
NAME"GND_POWER"
CDS_LIB"standard";
"G"9;
%"MML_VCC_ARROW"
"1","(4825,1725)","0","mml","I333";
;
HDL_POWER"1V8_SB"
BODY_TYPE"PLUMBING"
CDS_LIB"mml"
CDS_LMAN_SYM_OUTLINE"25,0,75,-50";
"VCC_ARROW"52;
%"MML_VCC_ARROW"
"1","(4550,-100)","0","mml","I334";
;
HDL_POWER"1V8_SB"
BODY_TYPE"PLUMBING"
CDS_LIB"mml"
CDS_LMAN_SYM_OUTLINE"25,0,75,-50";
"VCC_ARROW"51;
%"MML_VCC_ARROW"
"1","(4675,-200)","0","mml","I335";
;
HDL_POWER"1V8_S"
BODY_TYPE"PLUMBING"
CDS_LIB"mml"
CDS_LMAN_SYM_OUTLINE"25,0,75,-50";
"VCC_ARROW"8;
%"MML_VCC_ARROW"
"1","(3125,-150)","0","mml","I336";
;
HDL_POWER"1V8_SLDO"
BODY_TYPE"PLUMBING"
CDS_LIB"mml"
CDS_LMAN_SYM_OUTLINE"25,0,75,-50";
"VCC_ARROW"53;
%"MML_VCC_ARROW"
"1","(2875,-175)","0","mml","I337";
;
HDL_POWER"1V8_S"
BODY_TYPE"PLUMBING"
CDS_LIB"mml"
CDS_LMAN_SYM_OUTLINE"25,0,75,-50";
"VCC_ARROW"7;
%"TP"
"1","(2100,2925)","2","mml","I338";
;
LOCATION"B+"
$SEC"1"
CDS_SEC"1"
VARIANT"DNI"
MAXINV"02-TPMINI5001-00"
JEDEC_TYPE"KEYS_5001"
PACK_TYPE"TP"
VOLTAGE_RATING"N/A"
VALUE"N/A"
PART_NAME"TP"
REFLOW"-"
TOLERANCE"N/A"
MFG_PART_NUMBER"5001"
CDS_LIB"mml"
CDS_LMAN_SYM_OUTLINE"-125,25,-75,-25";
"TP1"
$PN"1"38;
%"TP"
"1","(2100,2875)","2","mml","I339";
;
LOCATION"B-"
$SEC"1"
CDS_SEC"1"
VARIANT"DNI"
MAXINV"02-TPMINI5001-00"
JEDEC_TYPE"KEYS_5001"
PACK_TYPE"TP"
VOLTAGE_RATING"N/A"
VALUE"N/A"
PART_NAME"TP"
REFLOW"-"
TOLERANCE"N/A"
MFG_PART_NUMBER"5001"
CDS_LIB"mml"
CDS_LMAN_SYM_OUTLINE"-125,25,-75,-25";
"TP1"
$PN"1"14;
%"CAP_NP"
"2","(4850,-100)","0","mml","I340";
;
LOCATION"C40"
$SEC"1"
CDS_SEC"1"
JEDEC_TYPE"0603"
VOLTAGE_RATING"25V"
VALUE"10UF"
MAXINV"20-0010U-P7"
PACK_TYPE"0603CAP"
COMMENTS"USE ONLY GRM188R61E106MA73"
VLOG_PARAM01"CAP:INTEGER"
REFLOW"-"
CAP"1.00E-05"
CASE"SMT (0603)"
MATERIAL_TYPE"CERAMIC CHIP"
TOLERANCE"20%"
MFG_PART_NUMBER"C1608X5R1E106M080AC;CL10A106MA8NRNC;GRM188R61E106MA73;ZRB18AR61E106ME01;GRT188R61E106ME13"
CDS_LIB"mml"
CDS_LMAN_SYM_OUTLINE"-50,50,50,-50";
"2"
$PN"2"28;
"1"
$PN"1"10;
%"CAP_NP"
"2","(5050,-100)","0","mml","I341";
;
LOCATION"C42"
$SEC"1"
CDS_SEC"1"
JEDEC_TYPE"0603"
VOLTAGE_RATING"25V"
VALUE"10UF"
MAXINV"20-0010U-P7"
PACK_TYPE"0603CAP"
COMMENTS"USE ONLY GRM188R61E106MA73"
CDS_LMAN_SYM_OUTLINE"-50,50,50,-50"
CDS_LIB"mml"
MFG_PART_NUMBER"C1608X5R1E106M080AC;CL10A106MA8NRNC;GRM188R61E106MA73;ZRB18AR61E106ME01;GRT188R61E106ME13"
TOLERANCE"20%"
MATERIAL_TYPE"CERAMIC CHIP"
CASE"SMT (0603)"
CAP"1.00E-05"
REFLOW"-"
VLOG_PARAM01"CAP:INTEGER";
"2"
$PN"2"28;
"1"
$PN"1"10;
%"EK_MAX20360"
"1","(3875,1325)","0","evkit_noncompliant","I342";
;
LOCATION"U1"
SEC"1"
VALUE"MAX20360EWN+"
MAXINV"N/A"
JEDEC_TYPE"MAXIM_21-100373"
PACK_TYPE"WLP72"
VOLTAGE_RATING"N/A"
COMMENTS"THIS PART NUMBER WILL BE CUSTOMIZED FOR HSP/MRD104 AND UPDATED, CONFIRM THE PART NUMBER BEFORE ORDER"
CDS_LMAN_SYM_OUTLINE"-450,1850,450,-1850"
CDS_LIB"evkit_noncompliant"
TOLERANCE"N/A"
MFG_PART_NUMBER"MAX20360EWN+"
SEC_TYPE"WLP72";
"H9"
$PN"H9"6;
"H8"
$PN"H8"36;
"H7"
$PN"H7"40;
"H6"
$PN"H6"8;
"H5"
$PN"H5"51;
"H4"
$PN"H4"54;
"H3"
$PN"H3"35;
"H2"
$PN"H2"15;
"H1"
$PN"H1"5;
"G9"
$PN"G9"15;
"G8"
$PN"G8"40;
"G7"
$PN"G7"63;
"G6"
$PN"G6"53;
"G5"
$PN"G5"7;
"G4"
$PN"G4"0;
"G3"
$PN"G3"0;
"D6"
$PN"D6"49;
"F6"
$PN"F6"15;
"F2"
$PN"F2"0;
"G1"
$PN"G1"36;
"A5"
$PN"A5"44;
"F7"
$PN"F7"42;
"E7"
$PN"E7"62;
"F8"
$PN"F8"56;
"C4"
$PN"C4"0;
"A1"
$PN"A1"1;
"D7"
$PN"D7"0;
"D3"
$PN"D3"0;
"A2"
$PN"A2"15;
"D8"
$PN"D8"4;
"B5"
$PN"B5"0;
"C5"
$PN"C5"0;
"B6"
$PN"B6"60;
"F3"
$PN"F3"48;
"A6"
$PN"A6"43;
"B7"
$PN"B7"61;
"E2"
$PN"E2"0;
"A7"
$PN"A7"0;
"B2"
$PN"B2"28;
"B3"
$PN"B3"0;
"A8"
$PN"A8"0;
"B8"
$PN"B8"0;
"C6"
$PN"C6"0;
"D4"
$PN"D4"47;
"G2"
$PN"G2"34;
"C9"
$PN"C9"41;
"C7"
$PN"C7"0;
"E3"
$PN"E3"59;
"D1"
$PN"D1"2;
"C1"
$PN"C1"15;
"D9"
$PN"D9"36;
"A9"
$PN"A9"15;
"E4"
$PN"E4"55;
"E8"
$PN"E8"37;
"E5"
$PN"E5"15;
"A3"
$PN"A3"52;
"B4"
$PN"B4"0;
"E6"
$PN"E6"15;
"F9"
$PN"F9"32;
"F4"
$PN"F4"50;
"C2"
$PN"C2"28;
"A4"
$PN"A4"45;
"D2"
$PN"D2"3;
"B1"
$PN"B1"36;
"D5"
$PN"D5"58;
"B9"
$PN"B9"36;
"E1"
$PN"E1"15;
"C8"
$PN"C8"26;
"E9"
$PN"E9"27;
"C3"
$PN"C3"57;
"F5"
$PN"F5"15;
"F1"
$PN"F1"0;
%"MML_VCC_ARROW"
"1","(3050,3400)","0","mml","I343";
;
HDL_POWER"VREGO_A"
BODY_TYPE"PLUMBING"
CDS_LIB"mml"
CDS_LMAN_SYM_OUTLINE"25,0,75,-50";
"VCC_ARROW"31;
%"MML_VCC_ARROW"
"1","(2575,1850)","0","mml","I344";
;
HDL_POWER"VREGO_A"
BODY_TYPE"PLUMBING"
CDS_LMAN_SYM_OUTLINE"25,0,75,-50"
CDS_LIB"mml";
"VCC_ARROW"30;
%"MML_VCC_ARROW"
"1","(4825,3450)","0","mml","I345";
;
HDL_POWER"VREGO_A"
BODY_TYPE"PLUMBING"
CDS_LMAN_SYM_OUTLINE"25,0,75,-50"
CDS_LIB"mml";
"VCC_ARROW"29;
%"INDUCT"
"1","(4700,150)","0","mml","I39";
;
$LOCATION"L5"
CDS_LOCATION"L5"
$SEC"1"
CDS_SEC"1"
VALUE"2.2UH"
MAXINV"50-002U2-0PD"
JEDEC_TYPE"IND_2016"
PACK_TYPE"0806"
MFG_PART_NUMBER"DFE201612E-2R2M"
MATERIAL_TYPE"WIREWOUND"
TOLERANCE"20%"
CASE"SMT (0806)"
CDS_LIB"mml"
CDS_LMAN_SYM_OUTLINE"-100,25,100,0";
"2"
$PN"2"
Clock"FALSE"
FLOAT"ERROR"3;
"1"
$PN"1"
Clock"FALSE"
FLOAT"ERROR"2;
%"PGROUND"
"1","(5600,2700)","0","standard","I92";
;
BODY_TYPE"PLUMBING"
CDS_LIB"standard"
NAME"GND_POWER"
HDL_POWER"GND_POWER";
"G"64;
END.
